assessment definitions,https://sites.google.com/jisedu.or.id/highschoolhandbook/assessment-learning/assessment-definitions
assessment principles and practices in the high school,https://sites.google.com/jisedu.or.id/highschoolhandbook/assessment-learning/assessment-principles-and-practices-in-the-high-school
grading principles and practices,https://sites.google.com/jisedu.or.id/highschoolhandbook/assessment-learning/grading-principles-and-practices
high school grade descriptors,https://sites.google.com/jisedu.or.id/highschoolhandbook/assessment-learning/high-school-grade-descriptors
graduation requirements,https://sites.google.com/jisedu.or.id/highschoolhandbook/assessment-learning/graduation-requirements
indonesian studies requirement for non indonesian students,https://sites.google.com/jisedu.or.id/highschoolhandbook/assessment-learning/indonesian-studies-requirement-for-non-indonesian-students
referencing guide,https://sites.google.com/jisedu.or.id/highschoolhandbook/assessment-learning/referencing-guide
late work or missed assessment policy,https://sites.google.com/jisedu.or.id/highschoolhandbook/behavioural-expectations/late-work-or-missed-assessment-policy
final exams missed final exams,https://sites.google.com/jisedu.or.id/highschoolhandbook/assessment-learning/final-exams-missed-final-exams
make up work following school trips,https://sites.google.com/jisedu.or.id/highschoolhandbook/assessment-learning/make-up-work-following-school-trips
course changes,https://sites.google.com/jisedu.or.id/highschoolhandbook/assessment-learning/course-changes
online gradebook,https://sites.google.com/jisedu.or.id/highschoolhandbook/assessment-learning/online-gradebook
Indonesian MoE Requirements for Indonesian Students,https://sites.google.com/jisedu.or.id/highschoolhandbook/assessment-learning/indonesian-moe-requirements-for-wni
progress toward graduation policy,https://sites.google.com/jisedu.or.id/highschoolhandbook/assessment-learning/progress-toward-graduation-policy
exam regulations for students,https://sites.google.com/jisedu.or.id/highschoolhandbook/assessment-learning/exam-regulations-for-students
virtual learning in the case of unexpected school closure,https://sites.google.com/jisedu.or.id/highschoolhandbook/assessment-learning/virtual-learning-in-the-case-of-unexpected-school-closure
waivers to graduation requirements,https://sites.google.com/jisedu.or.id/highschoolhandbook/assessment-learning/waivers-to-graduation-requirements
after school activities during mock exams,https://sites.google.com/jisedu.or.id/highschoolhandbook/assessment-learning/after-school-activities-during-mock-exams
out of class academic home work,https://sites.google.com/jisedu.or.id/highschoolhandbook/assessment-learning/out-of-class-academic-home-work
private tutoring,https://sites.google.com/jisedu.or.id/highschoolhandbook/assessment-learning/private-tutoring
guidelines for graduation ceremony ticket allocation,https://sites.google.com/jisedu.or.id/highschoolhandbook/assessment-learning/guidelines-for-graduation-ceremony-ticket-allocation
grade point average gpa policy,https://sites.google.com/jisedu.or.id/highschoolhandbook/assessment-learning/grade-point-average-gpa-policy
course credit and regaining course credit policy,https://sites.google.com/jisedu.or.id/highschoolhandbook/assessment-learning/course-credit-and-regaining-course-credit-policy
language policy and placement guidelines,https://sites.google.com/jisedu.or.id/highschoolhandbook/assessment-learning/language-placement-guidelines
academic integrity in the high school,https://sites.google.com/jisedu.or.id/highschoolhandbook/behavioural-expectations/academic-integrity-in-the-high-school
campus access for students,https://sites.google.com/jisedu.or.id/highschoolhandbook/behavioural-expectations/campus-access-for-students
detention suspension and loss of senior privilege,https://sites.google.com/jisedu.or.id/highschoolhandbook/behavioural-expectations/detention-suspension-and-loss-of-senior-privilege
general expectations of student behaviors and definitions,https://sites.google.com/jisedu.or.id/highschoolhandbook/behavioural-expectations/general-expectations-of-student-behaviors-and-definitions
high school dress code for students (broad overview) ,https://sites.google.com/jisedu.or.id/highschoolhandbook/behavioural-expectations/high-school-dress-code-for-students
Specifics of the dress code, https://sites.google.com/jisedu.or.id/highschoolhandbook/behavioural-expectations/high-school-dress-code-for-students/dress-code-explainer
guests during the school day,https://sites.google.com/jisedu.or.id/highschoolhandbook/behavioural-expectations/guests-during-the-school-day
guidelines for using hs gym change rooms,https://sites.google.com/jisedu.or.id/highschoolhandbook/behavioural-expectations/guidelines-for-using-hs-gym-change-rooms
high school bullying hazing or fighting policy,https://sites.google.com/jisedu.or.id/highschoolhandbook/behavioural-expectations/high-school-bullying-hazing-or-fighting-policy
high school attendance policy campus regulations,https://sites.google.com/jisedu.or.id/highschoolhandbook/behavioural-expectations/high-school-attendance-policy-campus-regulations
high school code of ethics and conduct for students,https://sites.google.com/jisedu.or.id/highschoolhandbook/behavioural-expectations/high-school-code-of-ethics-and-conduct-for-students
inappropriate language on the jis campus,https://sites.google.com/jisedu.or.id/highschoolhandbook/behavioural-expectations/inappropriate-language-on-the-jis-campus
late work or missed assessment policy,https://sites.google.com/jisedu.or.id/highschoolhandbook/behavioural-expectations/late-work-or-missed-assessment-policy
leaving campus early policy,https://sites.google.com/jisedu.or.id/highschoolhandbook/behavioural-expectations/leaving-campus-early-policy
off campus behavior,https://sites.google.com/jisedu.or.id/highschoolhandbook/behavioural-expectations/off-campus-behavior
preventative drug testing,https://sites.google.com/jisedu.or.id/highschoolhandbook/behavioural-expectations/preventative-drug-testing
public displays of affection pda,https://sites.google.com/jisedu.or.id/highschoolhandbook/behavioural-expectations/public-displays-of-affection-pda
supervision cilandak campus instructional spaces,https://sites.google.com/jisedu.or.id/highschoolhandbook/behavioural-expectations/supervision-cilandak-campus-instructional-spaces
jis technology user agreement tua and copyright for high school students,https://sites.google.com/jisedu.or.id/highschoolhandbook/behavioural-expectations/jis-technology-user-agreement-tua-and-copyright-for-high-school-students
vandalism,https://sites.google.com/jisedu.or.id/highschoolhandbook/behavioural-expectations/vandalism
guide to behavioral consequences,https://sites.google.com/jisedu.or.id/highschoolhandbook/guide-to-behavioral-consequences
use of computers and mobile phones,https://sites.google.com/jisedu.or.id/highschoolhandbook/behavioural-expectations/use-of-computers-and-mobile-phones
environmental stewardship,https://sites.google.com/jisedu.or.id/highschoolhandbook/behavioural-expectations/environmental-stewardship
activities,https://sites.google.com/jisedu.or.id/highschoolhandbook/co-curricular-program/activities
creativity activity service in the high school,https://sites.google.com/jisedu.or.id/highschoolhandbook/courses-schedules/creativity-activity-service-in-the-high-school
after school activities during mock exams,https://sites.google.com/jisedu.or.id/highschoolhandbook/co-curricular-program/after-school-activities-during-mock-exams
academic programs,https://sites.google.com/jisedu.or.id/highschoolhandbook/courses-schedules/academic-programs
master timetable and schedules,https://sites.google.com/jisedu.or.id/highschoolhandbook/courses-schedules/master-timetable-and-schedules
supported learning and advisory sla,https://sites.google.com/jisedu.or.id/highschoolhandbook/courses-schedules/supported-learning-and-advisory-sla
creativity activity service in the high school,https://sites.google.com/jisedu.or.id/highschoolhandbook/courses-schedules/creativity-activity-service-in-the-high-school
ib and ap programs and grade predictions,https://sites.google.com/jisedu.or.id/highschoolhandbook/courses-schedules/ib-and-ap-programs-and-grade-predictions
ib and ap exam registration,https://sites.google.com/jisedu.or.id/highschoolhandbook/courses-schedules/ib-and-ap-exam-registration
online courses from external providers,https://sites.google.com/jisedu.or.id/highschoolhandbook/courses-schedules/online-courses-from-external-providers
Course description guide,https://sites.google.com/jisedu.or.id/curriculum4parents/the-high-school-course-description-guide
high school attendance policy campus regulations,https://sites.google.com/jisedu.or.id/highschoolhandbook/general-information/high-school-attendance-policy-campus-regulations
high school philosophy,https://sites.google.com/jisedu.or.id/highschoolhandbook/general-information/high-school-philosophy
home school communication related to expressing concerns,https://sites.google.com/jisedu.or.id/highschoolhandbook/general-information/home-school-communication-related-to-expressing-concerns
jis terminology,https://sites.google.com/jisedu.or.id/highschoolhandbook/general-information/jis-terminology
important high school contacts,https://sites.google.com/jisedu.or.id/highschoolhandbook/general-information/important-high-school-contacts
who should i contact when i need support,https://sites.google.com/jisedu.or.id/highschoolhandbook/general-information/who-should-i-contact-when-i-need-support
reporting to parents,https://sites.google.com/jisedu.or.id/highschoolhandbook/general-information/reporting-to-parents
School mascot naga dragon, https://sites.google.com/jisedu.or.id/highschoolhandbook/general-information/the-school-mascot-naga-dragon?authuser=1
valedictorian selection criteria,https://sites.google.com/jisedu.or.id/highschoolhandbook/general-information/valedictorian-selection-criteria
recognition distinctions high school awards,https://sites.google.com/jisedu.or.id/highschoolhandbook/general-information/recognition-distinctions-high-school-awards
school withdrawal procedures,https://sites.google.com/jisedu.or.id/highschoolhandbook/general-information/school-withdrawal-procedures
places to know,https://sites.google.com/jisedu.or.id/highschoolhandbook/general-information/places-to-know
guidelines for textbook check out and return,https://sites.google.com/jisedu.or.id/highschoolhandbook/general-information/guidelines-for-textbook-check-out-and-return
map of cilandak campus,https://sites.google.com/jisedu.or.id/highschoolhandbook/general-information/map-of-cilandak-campus
paper printing by high school students,https://sites.google.com/jisedu.or.id/highschoolhandbook/general-information/paper-printing-by-high-school-students
guidelines for graduation ceremony ticket allocation,https://sites.google.com/jisedu.or.id/highschoolhandbook/general-information/guidelines-for-graduation-ceremony-ticket-allocation
notices and notice boards on cilandak campus,https://sites.google.com/jisedu.or.id/highschoolhandbook/general-information/notices-and-notice-boards-on-cilandak-campus
leaving campus early policy,https://sites.google.com/jisedu.or.id/highschoolhandbook/general-information/leaving-campus-early-policy
visits to the school nurse,https://sites.google.com/jisedu.or.id/highschoolhandbook/general-information/visits-to-the-school-nurse
student support overview,https://sites.google.com/jisedu.or.id/highschoolhandbook/student-support/student-support-overview
student support flowchart,https://sites.google.com/jisedu.or.id/highschoolhandbook/student-support/student-support-flowchart
high school counseling program,https://sites.google.com/jisedu.or.id/highschoolhandbook/student-support/high-school-counseling-program
university application process policy,https://sites.google.com/jisedu.or.id/highschoolhandbook/student-support/university-application-process-policy
progress toward graduation policy,https://sites.google.com/jisedu.or.id/highschoolhandbook/student-support/progress-toward-graduation-policy
learning support program,https://sites.google.com/jisedu.or.id/highschoolhandbook/student-support/learning-support-program
high school accommodations testing policy,https://sites.google.com/jisedu.or.id/highschoolhandbook/student-support/high-school-accommodations-testing-policy
english as an additional language eal program,https://sites.google.com/jisedu.or.id/highschoolhandbook/student-support/english-as-an-additional-language-eal-program
